Address,Bedrooms,Bathrooms,Rent,Total Area,Price per Sq.Ft.,Transit Score,Type of House
123 S Green St Unit 910B Chicago,IL60607–West Loop,1,1,2300,800,2.875,90,
707 W Wayman St Chicago,IL60661–West Loop,2,2,3400,,0,87,
111 S Peoria St Unit 403 Chicago,IL60607–Fulton Market,3,3.5,7600,,0,88,
719 S Loomis St Unit GRD Chicago,IL60607–Little Italy,3,1,2000,1300,1.5384615384615385,70,
948 W Madison St Unit 5NW Chicago,IL60607–West Loop,2,2,3200,1025,3.1219512195121952,84,
336 S Wells St Unit 1209 Chicago,IL60606–Chicago Loop,Studio,1,2150,658,3.2674772036474162,100,
One Six Six 166 N Aberdeen St,Chicago,IL60607–Fulton Market,3,2,2295,432,5.3125,0,
336 S Wells St Unit 811 Chicago,IL60606–Chicago Loop,1,1,1962,552,3.5543478260869565,100,
25 S Halsted St Unit 01 Chicago,IL60661–West Loop,1,1,3264,735,4.440816326530612,92,
1240 W Monroe St Unit 11 Chicago,IL60607–Fulton Market,3,2,4300,1655,2.598187311178248,77,
735 S Clark St Unit 306 Chicago,IL60605–South Loop,1,1,2415,,0,100,
1446 W Lexington St 1446 W Lexington St,Chicago,IL60607–Little Italy,2,1,2100,900,2.3333333333333335,71,
125 S Green St 125 S Green St,Chicago,IL60607–West Loop,3,2,1884,510,3.6941176470588237,90,
4 bedroom in Chicago IL 60607 716 S Laflin St,Chicago,IL60607–Little Italy,4,3,4100,1300,3.1538461538461537,71,
1313 Randolph Street Lofts 1313 W Randolph St,Chicago,IL60607–West Loop,2,2,2099,470,4.465957446808511,72,
1000 W Washington Blvd 1000 W Washington Blvd,Chicago,IL60607–Fulton Market,3,2,3250,1451,2.2398345968297724,82,
1140 N Wells St Unit Junior Two Bedroom Suite #1.1341684 Chicago,IL60610–South Loop,2,2,14400,850,16.941176470588236,97,
1058 W Polk St Unit 1062-1R Chicago,IL60607–University Village,2,1,1400,600,2.3333333333333335,74,
1035 W Van Buren St Unit FL12-ID435 Chicago,IL60607–West Loop,1,1,3160,738,4.281842818428184,85,
Evo Union Park Apartments 1454 W Randolph St,Chicago,IL60607–West Loop,2,2,2154,473,4.553911205073995,73,
939 W Washington Blvd Unit FL6-ID290 Chicago,IL60607–Fulton Market,1,1,3620,625,5.792,87,
611 S Wells St Unit 1504T Chicago,IL60607–South Loop,1,2,2500,,0,100,
1035 W Van Buren St Unit 1810 Chicago,IL60607–West Loop,1,1,2385,,0,80,
630 S Clark St Unit 3711 Chicago,IL60605–South Loop,1,1,1900,801,2.3720349563046192,100,
Union West 939 W Washington Blvd,Chicago,IL60607–Fulton Market,2,2,1955,482,4.056016597510373,84,
1130 S Delano Ct Unit W825 Chicago,IL60605–South Loop,1,1,2662,,0,97,
700 S Clark St 700 S Clark St,Chicago,IL60605–South Loop,2,2,1986,530,3.7471698113207546,100,
36 S Ashland Ave Unit 204 Chicago,IL60607–Near West Side,1,1,2000,,0,75,
354 N Union Ave Unit Junior Two Bedroom Suite #6.1341704 Chicago,IL60661–West Loop,2,2,14400,850,16.941176470588236,86,
1035 W Van Buren St Unit FL21-ID433 Chicago,IL60607–West Loop,1,1,3240,739,4.384303112313938,80,
14 N Peoria St Unit 5H Chicago,IL60607–Fulton Market,3,2,6250,,0,87,
1222 W Jackson Blvd Unit 916 Chicago,IL60607–West Loop,1,1,2763,743,3.718707940780619,77,
180 N Ada St Unit FL14-ID490 Chicago,IL60607–Fulton Market,2,2,5080,1133,4.483671668137688,72,
1140 N Wells St Unit Level Suite #6.1341683 Chicago,IL60610–South Loop,Studio,1,10500,560,18.75,97,
843 W Monroe St Unit 2F Chicago,IL60607–West Loop,2,2,3400,1250,2.72,88,
6 N Bishop St 6 N Bishop St,Chicago,IL60607–West Loop,2,2,2711,748,3.624331550802139,74,
701 S Wells St Unit 1405 Chicago,IL60607–South Loop,2,2,2975,1295,2.2972972972972974,100,
330 S. Wells St 330 S Wells St,Chicago,IL60606–Chicago Loop,1,1,1782,372,4.790322580645161,100,
1500 W Monroe St 1500 W Monroe St,Chicago,IL60607–West Loop,2,2,2150,550,3.909090909090909,75,
16 S Aberdeen St Unit 1 Chicago,IL60607–West Loop,3,2.5,5000,1500,3.3333333333333335,79,
330 S Wells St Unit FL13-ID210 Chicago,IL60606–Chicago Loop,1,1,2930,600,4.883333333333334,100,
235 W Van Buren St Unit 4113 Chicago,IL60607–Chicago Loop,2,1,2300,,0,100,
1035 W Van Buren St Unit FL15-ID397 Chicago,IL60607–West Loop,Studio,1,2660,499,5.330661322645291,85,
1222 W Jackson Blvd Unit 315 Chicago,IL60607–West Loop,1,1,2673,741,3.6072874493927127,77,
1355 W Fillmore St Unit 1 Chicago,IL60607–Little Italy,2,2,2500,1300,1.9230769230769231,68,
1403 W Randolph St Chicago,IL60607–Fulton Market,1,1,2243,,0,73,
757 W Liberty St Unit 757 Chicago,IL60607–University Village,2,1,2200,1010,2.1782178217821784,64,
700 S Clark St Chicago,IL60605–South Loop,2,2,3125,,0,100,
354 N Union Ave Unit Deluxe One Bedroom Suite #3.1341720 Chicago,IL60661–West Loop,1,1,12000,700,17.142857142857142,86,
1446 W Lexington St Unit 2 Chicago,IL60607–Little Italy,2,1,2100,900,2.3333333333333335,71,
1061 W Madison St Chicago,IL60607–West Loop,1,1,2098,738,2.8428184281842817,82,
842 W Adams St Unit 3 Chicago,IL60607–West Loop,2,1.25,2495,,0,88,
740 W Fulton St Unit 802 Chicago,IL60661–Fulton Market,2,2,4450,,0,84,
915 S Loomis St 915 S Loomis St,Chicago,IL60607–Little Italy,5,2,1500,900,1.6666666666666667,70,
1140 N Wells St Unit Level Suite.1341678 Chicago,IL60610–South Loop,Studio,1,10500,560,18.75,97,
1140 N Wells St Unit Deluxe Two Bedroom Suite #3.1341694 Chicago,IL60610–South Loop,2,2,16500,1000,16.5,97,
354 N Union Ave Unit Deluxe One Bedroom Suite #6.1341723 Chicago,IL60661–West Loop,1,1,12000,700,17.142857142857142,86,
1451 W Flournoy St Unit 1W Chicago,IL60607–Little Italy,2,1,1800,771,2.3346303501945527,71,
213 N Racine Ave Unit #302 Chicago,IL60607–Fulton Market,1,1.5,3150,800,3.9375,75,
1224 W Jackson Blvd Unit 1002 Chicago,IL60607–West Loop,2,2,3529,1041,3.3900096061479346,76,
180 N Ada St Unit FL9-ID726 Chicago,IL60607–Fulton Market,1,1,3230,545,5.926605504587156,72,
1446 W Lexington St Unit 2 Chicago,IL60607–Little Italy,2,1,2400,1000,2.4,71,
1513 W Monroe St Chicago,IL60607–West Loop,1,1,2100,,0,75,
306 S Halsted St Unit 6 Chicago,IL60661–West Loop,Studio,1,1750,640,2.734375,89,
130 S Halsted St Unit 1 Chicago,IL60661–West Loop,2,2,3459,1005,3.4417910447761195,90,
1000 W Washington Blvd 1000 W Washington Blvd,Chicago,IL60607–Fulton Market,2,2,2014,539,3.7365491651205938,82,
939 W Madison St Unit 606 Chicago,IL60607–West Loop,1,1,2495,,0,85,
1437 W Taylor St Unit 3 Chicago,IL60607–Little Italy,2,2,2400,,0,70,
205 S Peoria St Chicago,IL60607–West Loop,2,2,4375,,0,86,
235 W Van Buren St Unit 2309 Chicago,IL60607–Chicago Loop,1,1,1900,,0,100,
235 W Van Buren St Unit 2122 Chicago,IL60607–Chicago Loop,2,2,2400,,0,100,
739 W Madison St 739 W Madison St,Chicago,IL60661–West Loop,3,3,2089,490,4.263265306122449,92,
939 W Washington Blvd Unit FL8-ID253 Chicago,IL60607–Fulton Market,Studio,1,3000,486,6.172839506172839,87,
501 S Wells St 501 S Wells St,Chicago,IL60607–Chicago Loop,3,2,1750,407,4.2997542997543,100,
354 N Union Ave Unit Deluxe One Bedroom Suite #1.1341718 Chicago,IL60661–West Loop,1,1,12000,700,17.142857142857142,86,
354 N Union Ave Unit Junior Two Bedroom Suite #3.1341701 Chicago,IL60661–West Loop,2,2,14400,850,16.941176470588236,86,
175 N Halsted St 175 N Halsted St,Chicago,IL60661–Fulton Market,2,2,2000,522,3.8314176245210727,87,
37 N Morgan St 37 N Morgan St,Chicago,IL60607–Fulton Market,2,2,2627,622,4.223472668810289,82,
730 W Couch Pl Unit 904.391299 Chicago,IL60661–Fulton Market,Studio,1,2266,522,4.340996168582375,91,
1422 W Lexington St Unit 1 Chicago,IL60607–Little Italy,3,3,3200,,0,72,
801 S Wells St Unit 511 Chicago,IL60607–South Loop,2,2,2400,1000,2.4,100,
The Aberdeen West Loop 20 N Aberdeen St,Chicago,IL60607–West Loop,3,2,2815,835,3.37125748502994,80,
Aberdeen East 171 N Aberdeen St,Chicago,IL60607–West Loop,2,2,2477,810,3.0580246913580247,78,
1223 W Van Buren St Chicago,IL60607–West Loop,1,1,2200,,0,76,
235 W Van Buren St Unit 1417 Chicago,IL60607–Chicago Loop,1,1,2000,,0,100,
842 W Adams St Unit 3 Chicago,IL60607–West Loop,2,1.5,2495,800,3.11875,88,
K2 Apartments 365 N Halsted St,Chicago,IL60661–West Loop,3,3,1928,481,4.008316008316008,86,
1303 W Flournoy St Unit 2R Chicago,IL60607–Little Italy,1,1,1800,,0,71,
715 S Wells St Unit 2302 Chicago,IL60607–South Loop,1,1,2303,,0,100,
719 S Loomis St Unit 1 Chicago,IL60607–Little Italy,3,1,2100,1400,1.5,70,
124 W Polk St Chicago,IL60605–South Loop,2,2,3200,,0,100,
354 N Union Ave Unit Deluxe Two Bedroom Suite #3.1341714 Chicago,IL60661–West Loop,2,2,16500,1000,16.5,86,
1364 W Randolph St Unit 5 Chicago,IL60607–Fulton Market,1,1,2118,562,3.7686832740213525,73,
1530 W Adams St Chicago,IL60607–West Loop,2,1.5,4250,,0,76,
939 W Washington Blvd Unit B-W405.482987 Chicago,IL60607–Fulton Market,1,1,3611,715,5.05034965034965,87,
334 S Wells St Unit 1303 Chicago,IL60606–Chicago Loop,Studio,1,1995,658,3.0319148936170213,100,
235 W Van Buren St 235 W Van Buren St,Chicago,IL60607–Chicago Loop,2,2,2400,970,2.4742268041237114,100,
1000 W Washington Blvd Unit 301 Chicago,IL60607–Fulton Market,2,2,6400,2300,2.782608695652174,82,
1500 W Monroe St Unit 423 Chicago,IL60607–West Loop,2,2,2850,1355,2.103321033210332,75,
933 W Van Buren St Unit 711 Chicago,IL60607–West Loop,2,2,3000,1250,2.4,82,
1609 Warren Blvd Unit 209 Chicago,IL60612–Near West Side,2,2,2550,,0,75,
X Chicago 710 W 14th St,Chicago,IL60607–University Village,2,2.5,1086,319,3.404388714733542,65,
773 W Adams St 773 W Adams St,Chicago,IL60661–West Loop,2,2,2560,596,4.295302013422819,92,
722 S Wells St Unit 1A-2417 Chicago,IL60607–South Loop,1,1,1975,517,3.8201160541586074,100,
123 S Green St Unit 308B Chicago,IL60607–Fulton Market,2,2,3400,,0,90,
23 N Racine Ave Unit 434 Chicago,IL60607–Fulton Market,3,2,5700,2500,2.28,76,
1040 W Adams St Unit 1 Chicago,IL60607–West Loop,1,1,2400,900,2.6666666666666665,81,
180 N Ada St Unit FL6-ID725 Chicago,IL60607–Fulton Market,1,1,3790,710,5.338028169014085,72,
111 S Morgan St Unit 619 Chicago,IL60607–West Loop,1,1,2450,800,3.0625,86,
611 S Wells St Unit 2008 Chicago,IL60607–South Loop,1,1,2100,,0,100,
1140 N Wells St Unit Executive One Bedroom Suite #4.1341675 Chicago,IL60610–South Loop,1,1,12600,750,16.8,97,
331 S Peoria St Unit 304 Chicago,IL60607–West Loop,2,2,3380,,0,86,
355 N Halsted St 355 N Halsted St,Chicago,IL60661–West Loop,3,2,4139,1035,3.9990338164251207,86,
Monroe Aberdeen Place 1050-1060 W Monroe St,Chicago,IL60607–West Loop,3,2,2749,765,3.593464052287582,81,
500 S Clinton St 500 S Clinton St,Chicago,IL60607–South Loop,2,1.5,1950,100,19.5,98,
1035 W Van Buren St Unit FL11-ID754 Chicago,IL60607–West Loop,1,1,2930,739,3.9648173207036534,85,
1053 W Van Buren St Chicago,IL60607–West Loop,1,1,2390,,0,80,
720 N Milwaukee Ave Unit 2105 Chicago,IL60642–University Village,3,3,3875,1152,3.3637152777777777,78,
123 S Green St Unit 1202B Chicago,IL60607–Fulton Market,1,1,2595,800,3.24375,90,
1162 Hubbard W St Unit 304 Chicago,IL60642–West Loop,3,2,3500,1700,2.0588235294117645,75,
1242 W Jackson Blvd Unit 03W Chicago,IL60607–West Loop,2,2,4500,1664,2.704326923076923,75,
235 W Van Buren St 235 W Van Buren St,Chicago,IL60607–Chicago Loop,2,2,1950,650,3.0,100,
611 S Wells St Unit 1 Chicago,IL60607–South Loop,1,1,2100,1020,2.0588235294117645,100,
1135 W Van Buren St Chicago,IL60607–West Loop,1,1,2395,685,3.4963503649635035,78,
1240 W Monroe St Unit 11 Chicago,IL60607–Fulton Market,3,2,4300,1655,2.598187311178248,76,
939 W Washington Blvd Unit FL5-ID190 Chicago,IL60607–Fulton Market,Studio,1,3020,482,6.265560165975104,87,
648 W 16th St Chicago,IL60616–Pilsen,3,2.5,3900,1900,2.0526315789473686,65,
729 S Clark St Unit 2305 Chicago,IL60605–South Loop,1,1,2635,,0,100,
1035 W Van Buren St Unit FL14-ID396 Chicago,IL60607–West Loop,Studio,1,2540,499,5.090180360721443,85,
700 W Van Buren St Unit 703 Chicago,IL60607–West Loop,2,1.5,2350,,0,94,
1342 W Hubbard St Unit 1F Chicago,IL60642–West Loop,3,2,2700,1200,2.25,72,
808 W University Ln Unit 2B Chicago,IL60608–University Village,2,2,2300,1250,1.84,64,
330 S Wells St Unit FL14-ID201 Chicago,IL60606–Chicago Loop,1,1,2890,604,4.78476821192053,100,
1446 W Lexington St Unit 1 Chicago,IL60607–Little Italy,2,1,2100,900,2.3333333333333335,71,
625 W Jackson Blvd Unit 803 Chicago,IL60661–West Loop,1,1,2200,850,2.588235294117647,98,
235 W Van Buren St 235 W Van Buren St,Chicago,IL60607–Chicago Loop,1,1,2000,700,2.857142857142857,100,
125 S Green St Unit 804a Chicago,IL60607–West Loop,1,1,2500,900,2.7777777777777777,90,
834 W Monroe St Unit FL5-ID772 Chicago,IL60607–West Loop,Studio,1,2980,546,5.457875457875458,86,
939 W Washington Blvd Unit FL7-ID225 Chicago,IL60607–Fulton Market,1,1,3260,625,5.216,87,
1101 W Fulton Market Chicago,IL60607–Fulton Market,Studio,1,1915,,0,78,
901 W Madison St Unit 00404 Chicago,IL60607–West Loop,1,1.5,2500,900,2.7777777777777777,85,
625 W Jackson Blvd Unit 803 Chicago,IL60661–West Loop,1,1,2200,850,2.588235294117647,98,
1 bedroom in Chicago IL 60607 611 S Wells St,Chicago,IL60607–South Loop,1,2,2195,,0,100,
The Van Buren 808 W Van Buren St,Chicago,IL60607–West Loop,2,2,2190,551,3.97459165154265,88,
1140 N Wells St Unit Deluxe One Bedroom Suite #4.1341668 Chicago,IL60610–South Loop,1,1,12000,700,17.142857142857142,97,
1500 W Monroe St Unit 209 Chicago,IL60607–Fulton Market,1,1,2000,,0,75,
180 N Ada St Unit FL6-ID487 Chicago,IL60607–Fulton Market,1,1,3480,790,4.405063291139241,72,
235 W Van Buren St Unit 3201 Chicago,IL60607–Chicago Loop,2,2,2900,,0,100,
Circle Park Apartments 1111 S Ashland Ave,Chicago,IL60607–Little Italy,3,2,1400,910,1.5384615384615385,68,
909 W Washington Blvd Unit 1008 Chicago,IL60607–Fulton Market,2,2,3350,1100,3.0454545454545454,84,
1446 W Lexington St Unit 1 Chicago,IL60607–Little Italy,2,1,2100,1100,1.9090909090909092,71,
1200 W Monroe St Unit 0415 Chicago,IL60607–Fulton Market,1,1,2250,950,2.3684210526315788,77,
1446 W Lexington St 1446 W Lexington St,Chicago,IL60607–Little Italy,2,1,2100,9999,0.21002100210021002,71,
1107 W Van Buren St 1107 W Van Buren St,Chicago,IL60607–West Loop,3,2,2015,470,4.287234042553192,78,
727 S Clark St Unit 311 Chicago,IL60605–South Loop,1,1,2390,,0,100,
903 S Ashland Ave Unit FL2-ID719 Chicago,IL60607–Little Italy,1,1,2590,624,4.1506410256410255,70,
720 N Milwaukee Ave Unit 1705 Chicago,IL60642–University Village,3,3,3850,1152,3.342013888888889,78,
1107 W Van Buren St Unit 1 Chicago,IL60607–West Loop,1,1,2679,700,3.827142857142857,78,
1436 W Randolph St 1436 W Randolph St,Chicago,IL60607–Chicago,2,2,2457,720,3.4125,73,
611 S Wells St 611 S Wells St,Chicago,IL60607–South Loop,2,2,2000,700,2.857142857142857,100,
1152 W Randolph St Unit 1 Chicago,IL60607–Fulton Market,2,2,3100,1300,2.3846153846153846,74,
235 W Van Buren St Unit 3201 Chicago,IL60607–Chicago Loop,2,2,2800,1292,2.1671826625387,100,
726 W 17th St Chicago,IL60616–Pilsen,2,1.5,1950,,0,63,
911 S Miller St Unit 3 Chicago,IL60607–University Village,4,2,4300,,0,73,
908-910 S Bishop St 908-910 S Bishop St,Chicago,IL60607–Little Italy,2,1,2500,1200,2.0833333333333335,70,
1327 W Washington Blvd Unit 2a Chicago,IL60607–Fulton Market,2,2,4999,2000,2.4995,73,
24 N May St Unit 333 Chicago,IL60607–Fulton Market,3,2.5,6000,,0,78,
1 br, 1.5 bath House - 737 W Washington #806 737 W Washington Blvd,Chicago,IL60661–Fulton Market,1,1.5,2500,1040,2.4038461538461537,92,
1140 N Wells St Unit Executive One Bedroom Suite #1.1341672 Chicago,IL60610–South Loop,1,1,12600,750,16.8,97,
1402 W Randolph St Unit 1102 Chicago,IL60607–Fulton Market,1,1,2982,,0,73,
1306 W Fillmore St Unit 3 Chicago,IL60607–Little Italy,2,2.5,3600,2000,1.8,68,
235 W Van Buren St Unit 2122 Chicago,IL60607–Chicago Loop,2,2,2400,1100,2.1818181818181817,100,
The Elle Apartments 801 S Financial Pl,Chicago,IL60605–South Loop,3,3,1940,466,4.163090128755365,100,
1035 W Van Buren St Unit FL21-ID753 Chicago,IL60607–West Loop,1,1,3150,739,4.2625169147496615,85,
1224 W Jackson Blvd Unit 520 Chicago,IL60607–West Loop,Studio,1,1945,489,3.9775051124744376,76,
717 W Madison St Unit 1308 Chicago,IL60661–West Loop,1,1,3251,735,4.42312925170068,92,
948 W Madison St Unit 5NW Chicago,IL60607–West Loop,2,2,3200,1100,2.909090909090909,83,
716 S Laflin St Unit 3M Chicago,IL60607–Little Italy,2,1,2250,,0,71,
420 S Clinton St Unit 407 Chicago,IL60607–West Loop,2,1,2200,,0,99,
723 S Wells St 723 S Wells St,Chicago,IL60607–South Loop,2,2,1789,448,3.9933035714285716,100,
1418 W Lexington St Unit 3F Chicago,IL60607–Little Italy,1,1,1600,,0,71,
1380 W Randolph St 1380 W Randolph St,Chicago,IL60607–Fulton Market,2,2,2355,562,4.190391459074733,72,
842 W Adams St Unit 3 Chicago,IL60607–West Loop,2,1.5,2495,1000,2.495,88,
903 S Ashland Ave Unit FL2-ID720 Chicago,IL60607–Little Italy,1,1,2590,624,4.1506410256410255,70,
AMLI 900 900 S Clark St,Chicago,IL60605–South Loop,3,2,1818,497,3.6579476861167004,100,
365 N Halsted St Unit 1107.341030 Chicago,IL60654–West Loop,Studio,1,2292,515,4.450485436893204,86,
180 N Ada St Unit FL11-ID485 Chicago,IL60607–Fulton Market,1,1,3790,740,5.121621621621622,72,
923 S Carpenter St Unit 1R Chicago,IL60607–University Village,2,1,1695,,0,73,
334 S Wells St Unit 1005 Chicago,IL60606–Chicago Loop,1,1,2174,658,3.303951367781155,100,
213 N Racine Ave 213 N Racine Ave,Chicago,IL60607–Fulton Market,2,2,3375,1116,3.024193548387097,75,
939 W Washington Blvd Unit FL7-ID234 Chicago,IL60607–Fulton Market,Studio,1,3000,486,6.172839506172839,87,
355 N Halsted St 355 N Halsted St,Chicago,IL60661–West Loop,2,2,2114,488,4.331967213114754,85,
The Lofts at Gin Alley 120 N Green St,Chicago,IL60607–Fulton Market,3,2,4041,275,14.694545454545455,85,
730 W Randolph St 730 W Randolph St,Chicago,IL60661–Fulton Market,2,2,2905,853,3.405627198124267,91,
612 S Loomis St 612 S Loomis St,Chicago,IL60607–Little Italy,4,2,3650,975,3.7435897435897436,70,
180 N Ada St Unit FL12-ID724 Chicago,IL60607–Fulton Market,Studio,1,2620,423,6.193853427895981,72,
1011 S Delano Ct E Unit W523 Chicago,IL60605–South Loop,2,2,2983,1000,2.983,100,
1308 W Fillmore St Unit 1 Chicago,IL60607–Little Italy,3,3,3300,2100,1.5714285714285714,68,
701 S Wells St Unit 1405 Chicago,IL60607–South Loop,2,2,2975,1295,2.2972972972972974,100,
732 S Financial Pl Unit 708 Chicago,IL60605–South Loop,2,2,2450,100,24.5,100,
910 W Madison St Unit 405 Chicago,IL60607–Fulton Market,1,1,2300,800,2.875,85,
1446 W Lexington St Unit 1 Chicago,IL60607–Little Italy,2,1,2100,950,2.210526315789474,71,
The Row Fulton Market 164 N Peoria St,Chicago,IL60607–Fulton Market,4,3.5,2585,,0,85,
1327 W Washington Blvd Unit 2A Chicago,IL60607–Fulton Market,2,2,4999,,0,73,
1037 W Monroe St Unit 2 Chicago,IL60607–West Loop,2,2,4200,,0,81,
800 S Clark St Unit 1 Chicago,IL60605–South Loop,1,1,2649,745,3.5557046979865774,100,
Onni Fulton Market 354 N Union Ave,Chicago,IL60661–West Loop,3,2,2114,488,4.331967213114754,85,
1140 N Wells St Unit Level Suite #2.1341679 Chicago,IL60610–South Loop,Studio,1,10500,560,18.75,97,
700 W Van Buren St Unit 706 Chicago,IL60607–West Loop,2,2,3200,1100,2.909090909090909,94,
400 S Green St Unit 312 Chicago,IL60607–West Loop,1,1,2450,900,2.7222222222222223,86,
Large Bright 1 Bed w/ Parking + In unit WD... 125 S Green St,Chicago,IL60607–Fulton Market,1,1,2500,800,3.125,90,
907 W Madison St Unit 1 Chicago,IL60607–West Loop,1,1,2690,765,3.5163398692810457,87,
939 W Washington Blvd Unit FL9-ID244 Chicago,IL60607–Fulton Market,Studio,1,3010,486,6.193415637860082,87,
1019 W Jackson Blvd Unit 2F Chicago,IL60607–West Loop,1,1,2597,765,3.3947712418300653,82,
331 S Green St 331 S Green St,Chicago,IL60607–Fulton Market,1,1,2323,510,4.5549019607843135,88,
222 S Racine Ave Unit 302 Chicago,IL60607–West Loop,2,2,3199,1300,2.460769230769231,79,
1215 W Fulton Market Unit 32 Chicago,IL60607–Chicago,1,1,2200,815,2.6993865030674846,75,
1140 N Wells St Unit Level Suite #3.1341680 Chicago,IL60610–South Loop,Studio,1,10500,560,18.75,97,
854 S Clark St Unit CLARK-319 Chicago,IL60605–South Loop,Studio,1,1980,522,3.793103448275862,100,
Landmark West Loop 1035 W Van Buren St,Chicago,IL60607–West Loop,3,3,1995,499,3.997995991983968,80,
232 S Green St Unit 1N Chicago,IL60607–West Loop,4,3.5,9500,,0,88,
1050 W Van Buren St Chicago,IL60607–West Loop,1,1,2295,,0,80,
6 S Laflin St Unit 710 Chicago,IL60607–West Loop,2,2,3500,1100,3.1818181818181817,75,
740 W Fulton St Unit 1014 Chicago,IL60661–Fulton Market,2,2,3600,,0,84,
1000 W Washington Blvd 1000 W Washington Blvd,Chicago,IL60607–Fulton Market,3,3,3250,1451,2.2398345968297724,82,
1109 W Washington Blvd Unit 3B Chicago,IL60607–Fulton Market,3,3.5,13900,,0,78,
1140 N Wells St Unit Deluxe Two Bedroom Suite #5.1341696 Chicago,IL60610–South Loop,2,2,16500,1000,16.5,97,
128 S Green St Unit 5C Chicago,IL60607–West Loop,4,3,7200,,0,90,
1335 W Taylor St 1335 W Taylor St,Chicago,IL60607–Little Italy,4,2,4000,2200,1.8181818181818181,69,
1132 S Delano Ct Unit W713 Chicago,IL60605–South Loop,1,1,2675,,0,97,
653 S Financial Pl Chicago,IL60605–South Loop,Studio,1,1810,,0,100,
124 W Polk St Unit 105 Chicago,IL60605–South Loop,3,2,3500,,0,100,
1075 W Roosevelt Rd Unit 309 Chicago,IL60608–University Village,2,2,2500,1264,1.9778481012658229,69,
1453 W Flournoy St Unit 1 Chicago,IL60607–University Village,2,1,1850,900,2.0555555555555554,71,
1061 W Jackson Blvd 1061 W Jackson Blvd,Chicago,IL60607–West Loop,2,1,2395,684,3.5014619883040936,80,
1311 W Randolph St Unit 209 Chicago,IL60607–Fulton Market,2,2,2666,930,2.8666666666666667,73,
354 N Union Ave Unit Deluxe Two Bedroom Suite #5.1341716 Chicago,IL60661–West Loop,2,2,16500,1000,16.5,86,
1225 W Cottage Plz Chicago,IL60607–West Loop,3,3,3950,1850,2.135135135135135,75,
23 N Racine Ave Unit 406 Chicago,IL60607–Fulton Market,2,2,3400,1600,2.125,76,
1450 W Randolph St Unit 1 Chicago,IL60607–West Loop,2,2,3779,1111,3.4014401440144013,73,
1500 W Monroe St Unit 00515 Chicago,IL60607–West Loop,1,1,2000,900,2.2222222222222223,75,
1222 W Jackson Blvd Unit 617 Chicago,IL60607–West Loop,1,1,2603,762,3.416010498687664,77,
1360 W Hubbard St Unit 3W Chicago,IL60642–West Loop,3,2,4995,,0,74,
6 S Laflin St Unit 920 Chicago,IL60607–Fulton Market,2,1,2375,,0,75,
910 W Madison St Unit 809 Chicago,IL60607–West Loop,1,1,2300,910,2.5274725274725274,87,
333 N Green St 333 N Green St,Chicago,IL60607–Fulton Market,1,1,2114,488,4.331967213114754,84,
411 N Halsted St 411 N Halsted St,Chicago,IL60642–West Loop,2,2,2114,488,4.331967213114754,85,
235 W Van Buren St 235 W Van Buren St,Chicago,IL60607–Chicago Loop,2,2,1975,710,2.7816901408450705,100,
851 W Madison St Unit 409S Chicago,IL60607–West Loop,1,1,2955,725,4.075862068965518,87,
740 W Fulton St Unit 01209 Chicago,IL60661–Fulton Market,2,2,3200,1050,3.0476190476190474,84,
100 S Ashland Ave Unit 211 Chicago,IL60612–Near West Side,1,1,1950,850,2.2941176470588234,75,
935 W Randolph St Unit PH Chicago,IL60607–Fulton Market,3,2.5,7500,2500,3.0,83,
1518 W Monroe St Unit 009 Chicago,IL60607–West Loop,1,1,2100,531,3.9548022598870056,75,
2 bedroom in Chicago IL 60607 1431 W Flournoy St,Chicago,IL60607–Little Italy,2,1,1350,,0,71,
933 W Van Buren St Unit 00816 Chicago,IL60607–West Loop,2,2,3200,1211,2.642444260941371,83,
725 S Clark St Unit 801 Chicago,IL60605–South Loop,1,1,2290,,0,100,
River City 800 S Wells St,Chicago,IL60607–South Loop,4,3.5,1769,567,3.119929453262787,100,
232 S Halsted St Unit 1406 Chicago,IL60661–West Loop,2,2,3492,1005,3.4746268656716417,89,
1061 W Van Buren St Unit S Chicago,IL60607–West Loop,Studio,1,2005,550,3.6454545454545455,80,
737 W Washington Blvd Unit 905 Chicago,IL60661–Fulton Market,1,1.5,2950,904,3.2632743362831858,92,
842 W Adams St Unit 003A Chicago,IL60607–West Loop,2,1.5,2495,1200,2.0791666666666666,88,
100 S Ashland Ave Unit 211 Chicago,IL60607–Near West Side,1,1,1950,850,2.2941176470588234,75,
1360 W Hubbard St Unit 3w Chicago,IL60642–West Loop,3,2,4950,1680,2.9464285714285716,74,
235 W Van Buren St Unit 2515 Chicago,IL60607–Chicago Loop,2,2,2995,1031,2.9049466537342385,100,
779 W Adams St 779 W Adams St,Chicago,IL60661–West Loop,2,2,2557,596,4.290268456375839,92,
128 S Green St Chicago,IL60607–West Loop,4,3,7200,,0,90,
100 S Ashland Ave Unit 211 Chicago,IL60607–Near West Side,1,1,1950,850,2.2941176470588234,75,
241 W Harrison St Unit 207-1403 Chicago,IL60607–South Loop,2,2,3757,1208,3.1100993377483444,100,
The Reed 234 W Polk St,Chicago,IL60607–South Loop,3,2,2170,544,3.988970588235294,100,
215 N Aberdeen St Unit #605b Chicago,IL60607–Fulton Market,1,1,2500,850,2.9411764705882355,78,
905 S Laflin St Unit 2 Chicago,IL60607–Little Italy,3,1,2395,850,2.8176470588235296,70,
700 W Van Buren St Unit 1202 Chicago,IL60607–West Loop,1,1,2250,850,2.6470588235294117,94,
1404 W Randolph St Unit 0802 Chicago,IL60607–Fulton Market,2,2,3998,1078,3.7087198515769946,73,
800 S Clark St Unit 811 Chicago,IL60605–South Loop,3,2,3809,1385,2.7501805054151625,100,
1446 W Lexington St Unit 1 Chicago,IL60607–Little Italy,2,1,2650,100,26.5,71,
1222 W Hubbard St Unit 1R Chicago,IL60642–West Loop,2,2,2200,950,2.3157894736842106,74,
1364 W Randolph St Unit 5D Chicago,IL60607–Fulton Market,1,1,2680,710,3.7746478873239435,72,
1418 W Lexington St Unit 3R Chicago,IL60607–Little Italy,3,1,2000,,0,71,
1035 W Van Buren St Unit FL10-ID522 Chicago,IL60607–West Loop,1,1,2940,739,3.9783491204330175,85,
1364 W Randolph St Unit 010 Chicago,IL60607–Fulton Market,1,1,2437,748,3.2580213903743314,72,
700 S Clark St Unit 801 Chicago,IL60605–South Loop,1,1,2230,750,2.973333333333333,100,
350 N Halsted St Chicago,IL60661–Fulton Market,1,1,2911,,0,84,
1040 W Adams St Unit 216 Chicago,IL60607–West Loop,1,1,2400,900,2.6666666666666665,81,
Full bedroom in 5 bed/3 bath Home 1119 S Loomis St,Chicago,IL60607–Little Italy,5,3,1280,,0,69,
732 S Financial Pl Unit 318 Chicago,IL60605–South Loop,1,1,1950,980,1.989795918367347,100,
701 S Wells St Chicago,IL60607–South Loop,Studio,1,1630,,0,100,
1001 W Washington Blvd Unit 1 Chicago,IL60607–Fulton Market,1,1,3339,702,4.756410256410256,82,
737 W Washington Blvd Unit 2502 Chicago,IL60661–Fulton Market,1,1,2850,,0,92,
1140 N Wells St Unit Junior Two Bedroom Suite #3.1341687 Chicago,IL60610–South Loop,2,2,14400,850,16.941176470588236,97,
400 S Green St Unit 401 Chicago,IL60607–West Loop,2,1,3200,1450,2.206896551724138,86,
763 W Adams St Unit S-10 Chicago,IL60661–West Loop,Studio,1,1945,565,3.4424778761061945,92,
842 W Adams St Unit 3 Chicago,IL60607–West Loop,2,1.5,2495,1100,2.268181818181818,88,
1645 W Ogden Ave 1645 W Ogden Ave,Chicago,IL60612–Near West Side,3,2,1700,622,2.733118971061093,75,
235 W Van Buren St 235 W Van Buren St,Chicago,IL60607–Chicago Loop,2,2,1950,950,2.0526315789473686,100,
733 S Wells St 733 S Wells St,Chicago,IL60607–South Loop,2,2,2510,908,2.76431718061674,100,
111 S Morgan St Unit 620 Chicago,IL60607–West Loop,1,1,2400,760,3.1578947368421053,86,
235 W Van Buren St Unit 3822 Chicago,IL60607–Chicago Loop,2,2,2800,1100,2.5454545454545454,100,
14 N Peoria St Unit 3F Chicago,IL60607–Fulton Market,4,2,5700,,0,87,
701 W Jackson Blvd Unit 301.1203675 Chicago,IL60661–West Loop,2,2,3250,1224,2.6552287581699345,94,
1436 W Lexington St Unit 2F Chicago,IL60607–Little Italy,2,1,1900,,0,71,
2 bedroom in CHICAGO IL 60607 235 W Van Buren St,Chicago,IL60607–Chicago Loop,2,2,2400,,0,100,
330 S Wells St Unit FL16-ID693 Chicago,IL60606–Chicago Loop,1,1,2840,600,4.733333333333333,100,
1061 W Van Buren St 1061 W Van Buren St,Chicago,IL60607–West Loop,1,1,2175,550,3.9545454545454546,80,
1446 W Lexington St Unit 2 Chicago,IL60607–Little Italy,2,1,2300,1100,2.090909090909091,71,
1407 S Halsted St Unit 1A Chicago,IL60607–University Village,2,2,2200,1100,2.0,64,
14 N Peoria St Unit 616 Chicago,IL60607–Fulton Market,1,1,2627,732,3.58879781420765,87,
1400 W Randolph St Unit 1001 Chicago,IL60607–Chicago,1,1,2669,720,3.7069444444444444,73,
700 W Van Buren St Unit 1202 Chicago,IL60607–West Loop,1,1,2250,850,2.6470588235294117,94,
933 W Van Buren St Unit 711 Chicago,IL60607–West Loop,2,2,3000,,0,82,
1301 W Madison St Unit 608 Chicago,IL60607–West Loop,2,2,3950,1500,2.6333333333333333,73,
365 N Halsted St Unit 1413.373149 Chicago,IL60654–West Loop,Studio,1,2374,481,4.9355509355509355,86,
611 S Wells St Unit 2302 Chicago,IL60607–South Loop,1,1,2100,,0,100,
1140 N Wells St Unit Junior Two Bedroom Suite #2.1341686 Chicago,IL60610–South Loop,2,2,14400,850,16.941176470588236,97,
1459 W Lexington St Unit 1W Chicago,IL60607–Little Italy,3,1.5,2700,998,2.7054108216432864,72,
911 S Miller St Unit G Chicago,IL60607–University Village,2,2,2600,1285,2.0233463035019454,74,
1 br, 1.5 bath Condo - 901 W Madison St 901 W Madison St,Chicago,IL60607–Fulton Market,1,1.5,2500,877,2.8506271379703536,88,
740 W Fulton St Unit 905 Chicago,IL60661–Fulton Market,2,2,3400,,0,84,
1311 W Randolph St 1311 W Randolph St,Chicago,IL60607–Fulton Market,2,2,2285,562,4.065836298932385,74,
232 S Green St Unit 2N Chicago,IL60607–West Loop,3,2.5,6750,,0,88,
500 S Clinton St Unit 512 Chicago,IL60607–South Loop,2,2,2600,,0,98,
1400 W Randolph St Unit 1501 Chicago,IL60607–Chicago,3,2.5,5428,1279,4.243940578577013,73,
123 S Green St Unit 910B Chicago,IL60607–West Loop,1,1,2300,800,2.875,90,
2 br, 1.5 bath Condo - 842 W Adams St 842 W Adams St,Chicago,IL60607–West Loop,2,1.5,2495,,0,88,
1035 W Van Buren St Unit 3009.550393 Chicago,IL60607–West Loop,Studio,1,2600,500,5.2,81,
1220 W Jackson Blvd. 1220 W Jackson Blvd,Chicago,IL60607–West Loop,2,2,1858,403,4.610421836228288,75,
948 W Madison St Unit 5NW Chicago,IL60607–West Loop,2,2,3200,1025,3.1219512195121952,84,
1360 W Hubbard St Unit 1E Chicago,IL60642–West Loop,3,3,4800,,0,74,
16 S Aberdeen St Unit #  01 Chicago,IL60607–West Loop,3,2.5,5000,9999,0.5000500050005,79,
365 N Halsted St Unit 2015.359390 Chicago,IL60654–West Loop,1,1,2969,681,4.359765051395008,86,
123 S Green St Unit 1109 Chicago,IL60607–Fulton Market,1,1,2550,780,3.269230769230769,90,
1056 W Van Buren St 1056 W Van Buren St,Chicago,IL60607–West Loop,3,2,2425,500,4.85,80,
1439 W Lexington St Chicago,IL60607–University Village,4,2,3750,,0,71,
354 N Union Ave Unit Junior Two Bedroom Suite #5.1341703 Chicago,IL60661–West Loop,2,2,14400,850,16.941176470588236,86,
1155 W Roosevelt Rd Unit 202 Chicago,IL60608–University Village,2,2,2200,1116,1.971326164874552,69,
Bright and spacious 3 bedroom / 2.5 bathro... 16 S Aberdeen St,Chicago,IL60607–West Loop,3,2.5,5000,2000,2.5,79,
1402 W Randolph St Unit 0801 Chicago,IL60607–Fulton Market,2,2,4064,,0,74,
757 W Liberty St Unit 207 Chicago,IL60607–University Village,2,1,2200,,0,64,
625 W Jackson Blvd Unit 808 Chicago,IL60661–West Loop,2,2,2600,1300,2.0,98,
700 S Clark St 700 S Clark St,Chicago,IL60605–South Loop,2,2,2316,735,3.1510204081632653,100,
851 W Madison St Unit 1707-08S Chicago,IL60607–West Loop,3,2,6038,1593,3.790332705586943,88,
1500 W Monroe St Unit 503 Chicago,IL60607–West Loop,2,2,2800,1200,2.3333333333333335,75,
611 S Wells St 611 S Wells St,Chicago,IL60607–South Loop,2,2,2000,700,2.857142857142857,100,
1 N Halsted St 1 N Halsted St,Chicago,IL60661–Fulton Market,3,2,2104,490,4.293877551020408,92,
Madison at Racine 1164-1212 W Madison St,Chicago,IL60607–West Loop,2,2,2357,568,4.149647887323944,77,
100 S Ashland Ave Unit 211 Chicago,IL60607–Near West Side,1,1,1950,850,2.2941176470588234,75,
939 W Washington Blvd Unit FL6-ID205 Chicago,IL60607–Fulton Market,Studio,1,2990,486,6.152263374485597,87,
1338 W Fillmore St Unit A Chicago,IL60607–University Village,2,1,2300,1200,1.9166666666666667,69,
1140 N Wells St Unit Deluxe One Bedroom Suite #3.1341667 Chicago,IL60610–South Loop,1,1,12000,700,17.142857142857142,97,
933 W Van Buren St Unit 307 Chicago,IL60607–West Loop,2,2,2650,1300,2.0384615384615383,82,
851 W Madison St Unit 714N Chicago,IL60607–West Loop,2,2,4446,1128,3.9414893617021276,88,
440 N Halsted St Unit 03A Chicago,IL60642–West Loop,3,3.5,7000,2400,2.9166666666666665,83,
842 W Adams St Unit 3 Chicago,IL60607–West Loop,2,1.5,2495,1000,2.495,88,
770 W Gladys Ave Unit 307 Chicago,IL60661–West Loop,1,1,2850,750,3.8,92,
111 S Morgan St Unit 520 Chicago,IL60607–Fulton Market,1,1,2400,800,3.0,86,
1411 W Taylor St Unit 2R Chicago,IL60607–Little Italy,4,3,4000,,0,70,
1140 N Wells St Unit Deluxe Two Bedroom Suite #4.1341695 Chicago,IL60610–South Loop,2,2,16500,1000,16.5,97,
330 S Wells St Unit FL16-ID668 Chicago,IL60606–Chicago Loop,1,1,2890,622,4.646302250803859,100,
Roosevelt Collection Lofts 150 W Roosevelt Rd,Chicago,IL60605–South Loop,2,2,2393,759,3.152832674571805,98,
23 N Racine Ave Unit 434 Chicago,IL60607–Fulton Market,3,2,5500,2500,2.2,76,
The Duncan 1515 W Monroe St,Chicago,IL60607–West Loop,1,1,1565,338,4.6301775147929,75,
1340 W Madison St Unit 3W Chicago,IL60607–West Loop,1,1,2950,1500,1.9666666666666666,73,
354 N Union Ave Unit Deluxe Two Bedroom Suite #6.1341717 Chicago,IL60661–West Loop,2,2,16500,1000,16.5,86,
842 W Adams St Unit 003T Chicago,IL60607–West Loop,2,1.25,2495,1200,2.0791666666666666,88,
1446 W Lexington St Unit 2 Chicago,IL60607–Little Italy,2,1,2300,1000,2.3,71,
842 W Adams St Unit 3 Chicago,IL60607–West Loop,2,1.5,2495,1000,2.495,88,
180 N Ada St Unit FL8-ID491 Chicago,IL60607–Fulton Market,Studio,1,2860,533,5.365853658536586,72,
720 N Milwaukee Ave Unit 1309 Chicago,IL60642–University Village,2,2,3850,969,3.9731682146542826,78,
1151 W Washington Blvd 1151 W Washington Blvd,Chicago,IL60607–Fulton Market,3,2,2680,900,2.977777777777778,78,
834 W Monroe St Unit 714S Chicago,IL60607–West Loop,1,1,3269,880,3.7147727272727273,86,
400 S Green St Unit 312 Chicago,IL60607–West Loop,1,1,2450,1000,2.45,89,
1056 W Van Buren St Unit 2810 Chicago,IL60607–West Loop,1,1,2660,700,3.8,80,
1014 W Monroe St Unit 2 Chicago,IL60607–Chicago,2,2,3500,1300,2.6923076923076925,84,
180 N Ada St Unit FL7-ID722 Chicago,IL60607–Fulton Market,1,1,3790,691,5.4848046309696095,72,
1040 W Adams St 1040 W Adams St,Chicago,IL60607–West Loop,1,1,2500,900,2.7777777777777777,81,
110 N Peoria St Unit 408 Chicago,IL60607–Fulton Market,1,1,3026,715,4.232167832167832,87,
1306 W Fillmore St Unit 2 Chicago,IL60607–Little Italy,2,2.5,3600,2000,1.8,68,
917 W Madison St Unit 1 Chicago,IL60607–West Loop,1,1,2300,796,2.8894472361809047,87,
The Parker Fulton Market 730 W Couch Pl,Chicago,IL60661–Fulton Market,3,2.5,2000,522,3.8314176245210727,87,
1140 N Wells St Unit Deluxe Two Bedroom Suite #2.1341693 Chicago,IL60610–South Loop,2,2,16500,1000,16.5,97,
150 N Aberdeen St Chicago,IL60607–Fulton Market,2,2,4400,1163,3.783319002579536,78,
740 W Fulton St Unit 513 Chicago,IL60661–Fulton Market,2,2,3800,1391,2.7318475916606757,86,
948 W Madison St Unit 005NW Chicago,IL60607–West Loop,2,2,3200,1025,3.1219512195121952,83,
1446 W Lexington St Unit 1 Chicago,IL60607–Little Italy,2,1,2100,1000,2.1,71,
1140 N Wells St Unit Deluxe One Bedroom Suite #6.1341670 Chicago,IL60610–South Loop,1,1,12000,700,17.142857142857142,97,
2 br, 2.5 bath Duplex - City Flats Chicago... 1306 W Fillmore St,Chicago,IL60607–Little Italy,2,2.5,3600,2020,1.7821782178217822,68,
14 N Sangamon St Unit 307 Chicago,IL60607–West Loop,2,2,3000,1150,2.608695652173913,85,
1180 S Delano Ct Chicago,IL60605–South Loop,1,1,2100,,0,97,
1162 W Hubbard St Unit 201 Chicago,IL60642–West Loop,3,2,4500,2000,2.25,76,
907 W Madison St Unit 2102 Chicago,IL60607–West Loop,2,2,4641,1070,4.337383177570094,87,
200 S Halsted St 200 S Halsted St,Chicago,IL60661–West Loop,2,2,2026,510,3.9725490196078432,90,
323 S Racine Ave Unit 6B Chicago,IL60607–West Loop,3,3,5900,,0,78,
235 W Van Buren St Unit 2203 Chicago,IL60607–Chicago Loop,2,2,2400,1200,2.0,100,
1035 W Van Buren St Unit 1909.6483 Chicago,IL60607–West Loop,Studio,1,2600,514,5.058365758754864,81,
1355 W Fulton St Unit 1a Chicago,IL60607–Fulton Market,1,1,2434,581,4.189328743545611,71,
842 W Adams St Unit 3 Chicago,IL60607–West Loop,2,1.5,2495,1600,1.559375,88,
732 S Financial Pl Unit 212 Chicago,IL60605–South Loop,2,2,3073,1130,2.7194690265486727,100,
The Regal Apartments 651 S Wells St,Chicago,IL60607–South Loop,3,2.5,1662,644,2.580745341614907,100,
400 S Green St Unit 310 Chicago,IL60607–West Loop,3,3,6000,2800,2.142857142857143,86,
1327 W Fillmore St Unit 1F Chicago,IL60607–University Village,4,3,3200,1600,2.0,68,
717 W Madison St Unit 3806 Chicago,IL60661–West Loop,3,2,6404,1550,4.131612903225807,93,
801 S Wells St Unit 1003 Chicago,IL60607–South Loop,1,1,2300,1350,1.7037037037037037,100,
717 S Wells St Unit 1 Chicago,IL60607–South Loop,3,2,4639,1400,3.3135714285714286,100,
1140 N Wells St Unit Junior Two Bedroom Suite #4.1341688 Chicago,IL60610–South Loop,2,2,14400,850,16.941176470588236,97,
420 S Clinton St Unit 118 Chicago,IL60607–West Loop,2,1.5,2850,1000,2.85,98,
932 W Washington Blvd Unit 105 Chicago,IL60607–Fulton Market,1,1,2449,750,3.2653333333333334,84,
1140 N Wells St Unit Deluxe Two Bedroom Suite #1.1341692 Chicago,IL60610–South Loop,2,2,16500,1000,16.5,97,
914 W Hubbard St Unit 101 Chicago,IL60642–West Loop,1,1,2150,900,2.388888888888889,79,
948 W Madison St 948 W Madison St,Chicago,IL60607–West Loop,3,3,2150,578,3.7197231833910034,83,
1200 W Monroe St Unit 820 Chicago,IL60607–Fulton Market,2,2,3400,1345,2.5278810408921935,77,
700 W Van Buren St Unit 1202 Chicago,IL60607–West Loop,1,1,2250,850,2.6470588235294117,94,
701 S Wells St 701 S Wells St,Chicago,IL60607–South Loop,2,2,1858,559,3.323792486583184,100,
321 S Sangamon St Unit 408 Chicago,IL60607–Fulton Market,2,2,2900,1200,2.4166666666666665,82,
733 S Wells St 733 S Wells St,Chicago,IL60607–South Loop,2,2,1999,466,4.289699570815451,100,
850 W Madison St Chicago,IL60607–West Loop,1,1,2222,,0,87,
6 S Laflin St Unit 720 Chicago,IL60607–Fulton Market,1,1,2300,,0,75,
300 N Halsted St Chicago,IL60661–Fulton Market,2,2,3100,,0,84,
2 br, 2 bath Condo - 1347 W Washington Blvd 1347 W Washington Blvd,Chicago,IL60607–Fulton Market,2,2,2900,1300,2.230769230769231,73,
175 N Ada St Unit 1310 Chicago,IL60607–Fulton Market,Studio,1,1871,423,4.423167848699763,72,
1041 W Taylor St Unit 3 Chicago,IL60607–University Village,3,2,3200,,0,73,
25 S Halsted St Unit 1 Chicago,IL60661–West Loop,Studio,1,1859,550,3.38,92,
Full bedroom in 5 bed/3 bath Home 1119 S Loomis St,Chicago,IL60607–Little Italy,5,3,1030,,0,69,
823 W Madison St Unit 1 Chicago,IL60607–West Loop,1,1,3316,735,4.51156462585034,90,
1446 W Lexington St Unit 1 Chicago,IL60607–Little Italy,2,1,2100,,0,71,
Milieu 205 S Peoria,Chicago,IL60607–West Loop,2,2,2217,561,3.9518716577540105,88,
842 W Adams St Unit 3 Chicago,IL60607–West Loop,2,1.5,2495,100,24.95,88,
527 S Wells St 527 S Wells St,Chicago,IL60607–South Loop,2,2,1810,551,3.2849364791288567,100,
1306 W Fillmore St Unit 2 Chicago,IL60607–Little Italy,2,2.5,3600,2000,1.8,68,
917 S Loomis St 917 S Loomis St,Chicago,IL60607–Little Italy,5,2,1550,900,1.7222222222222223,71,
450 N Racine Ave Unit 1 Chicago,IL60642–West Loop,3,2.5,6000,,0,75,
235 W Van Buren St 235 W Van Buren St,Chicago,IL60607–Chicago Loop,2,2,2400,100,24.0,100,
124 W Polk St Unit 219 Chicago,IL60605–South Loop,1,1,1914,550,3.48,100,
1200 W Monroe St Unit 806 Chicago,IL60607–Fulton Market,2,2,3750,,0,77,
177 N Ada St 177 N Ada St,Chicago,IL60607–Fulton Market,2,2,2000,500,4.0,71,
414 S La Salle St Unit 1 Chicago,IL60605–Chicago Loop,Studio,1,2139,602,3.553156146179402,100,
727 West Madison 727 W Madison St,Chicago,IL60661–West Loop,3,3,2115,490,4.316326530612245,92,
235 W Van Buren St Unit 2122 Chicago,IL60607–Chicago Loop,2,2,2400,1100,2.1818181818181817,100,
125 N Halsted St Unit 1 Chicago,IL60661–Fulton Market,Studio,1,2117,488,4.338114754098361,91,
354 N Union Ave Unit Deluxe Two Bedroom Suite #2.1341711 Chicago,IL60661–West Loop,2,2,16500,1000,16.5,86,
354 N Union Ave Unit Junior Two Bedroom Suite #4.1341702 Chicago,IL60661–West Loop,2,2,14400,750,19.2,86,
336 S Wells St Unit 1303 Chicago,IL60606–Chicago Loop,Studio,1,1995,464,4.299568965517241,100,
1356 W Randolph St Unit 503 Chicago,IL60607–Fulton Market,1,1,2295,,0,73,
1340 W Hubbard St Unit 2 Chicago,IL60642–West Loop,2,2,3100,1500,2.066666666666667,72,
1034 S Racine Ave Unit 101 Chicago,IL60607–Little Italy,4,2,3500,1600,2.1875,70,
730 W Couch Pl Unit 2002.479919 Chicago,IL60661–Fulton Market,1,1,3176,639,4.970266040688576,90,
235 W Van Buren St Unit 2122 Chicago,IL60607–Chicago Loop,2,2,2400,1100,2.1818181818181817,100,
732 S Financial Pl Unit 518 Chicago,IL60605–South Loop,1,1,2250,,0,100,
720 S Clark St 720 S Clark St,Chicago,IL60605–South Loop,3,3,1679,560,2.9982142857142855,100,
601 Jackson Blvd Unit CONV Chicago,IL60661–West Loop,Studio,1,2284,501,4.558882235528942,97,
3 bedroom in Chicago IL 60607 16 S Aberdeen St,Chicago,IL60607–West Loop,3,2,5000,,0,79,
933 W Van Buren St Unit 322 Chicago,IL60607–West Loop,2,2,2500,,0,83,
1000 W Adams St Unit 709 Chicago,IL60607–West Loop,2,2,3200,1436,2.2284122562674096,83,
1030 W Van Buren St 1030 W Van Buren St,Chicago,IL60607–West Loop,2,2,1995,500,3.99,83,
1500 W Monroe St Unit 509 Chicago,IL60607–Fulton Market,1,1,1950,,0,75,
611 S Wells St Unit 2006 Chicago,IL60607–South Loop,2,2,2950,1140,2.587719298245614,100,
720 S Clark St Unit 2 Chicago,IL60605–South Loop,1,1,2500,700,3.5714285714285716,100,
648 W 16th St Chicago,IL60616–Pilsen,3,2.5,3500,1800,1.9444444444444444,65,
1446 W Lexington St 1446 W Lexington St,Chicago,IL60607–Little Italy,2,1,2300,1100,2.090909090909091,71,
Gateway West Loop 11 S Green St,Chicago,IL60607–West Loop,2,2,2087,399,5.230576441102757,90,
1364 W Randolph St Unit 3D Chicago,IL60607–Fulton Market,1,1,2295,600,3.825,73,
730 W Couch Pl Unit FL7-ID781 Chicago,IL60661–Fulton Market,2,2,4500,1013,4.4422507403751235,91,
1035 W Van Buren St Unit FL11-ID524 Chicago,IL60607–West Loop,1,1,2930,750,3.9066666666666667,81,
Fulbrix 160 N Elizabeth St,Chicago,IL60607–Fulton Market,3,2,2354,538,4.37546468401487,73,
1100 W Polk St 1100 W Polk St,Chicago,IL60607–University Village,5,3,6000,1850,3.2432432432432434,75,
1222 W Jackson Blvd Unit 1005 Chicago,IL60607–West Loop,2,2,3674,1041,3.5292987512007685,77,
1140 N Wells St Unit Deluxe Two Bedroom Suite #6.1341698 Chicago,IL60610–South Loop,2,2,16500,1000,16.5,97,
1140 N Wells St Unit Deluxe One Bedroom Suite #2.1341665 Chicago,IL60610–South Loop,1,1,12000,700,17.142857142857142,97,
235 W Van Buren St Unit #2122 Chicago,IL60607–Chicago Loop,2,2,2400,9999,0.24002400240024002,100,
1315 W Randolph St Chicago,IL60607–West Loop,1,1,2095,,0,73,
235 W Van Buren St Unit 2122 Chicago,IL60607–Chicago Loop,2,2,2400,1100,2.1818181818181817,100,
839 W Madison St 839 W Madison St,Chicago,IL60607–West Loop,2,2,2500,561,4.45632798573975,83,
611 S Wells St Unit 2701 Chicago,IL60607–South Loop,1,1,2200,1000,2.2,100,
1140 N Wells St Unit Level Suite #4.1341681 Chicago,IL60610–South Loop,Studio,1,10500,560,18.75,97,
1137 W Monroe St Chicago,IL60607–West Loop,3,3.5,6600,,0,79,
730 W Couch Pl Unit 1708.226632 Chicago,IL60661–Fulton Market,1,1,2745,686,4.001457725947522,91,
732 S Financial Pl Unit 000506 Chicago,IL60605–South Loop,1,1,1900,1000,1.9,100,
Circa 922 922 W Washington Blvd,Chicago,IL60607–Fulton Market,2,1.5,2586,676,3.8254437869822486,85,
795 W Adams St Chicago,IL60607–West Loop,Studio,1,2050,,0,92,
701 W Jackson Blvd Unit 302B Chicago,IL60661–West Loop,1,1,2600,1180,2.2033898305084745,94,
SCIO AT THE MEDICAL DISTRICT 901 S Ashland Ave,Chicago,IL60607–Little Italy,2,2,1825,553,3.3001808318264017,70,
1224 W Van Buren St 1224 W Van Buren St,Chicago,IL60607–West Loop,2,1,2400,900,2.6666666666666665,74,
1325 W Randolph St Unit 1 Chicago,IL60607–Fulton Market,1,1,2372,618,3.838187702265372,71,
716 S Laflin St Unit 3F Chicago,IL60607–Little Italy,3,2,3300,,0,71,
Full bedroom in 5 bed/3 bath Home 1119 S Loomis St,Chicago,IL60607–Little Italy,5,3,1280,,0,68,
842 W Adams St Unit 3 Chicago,IL60607–West Loop,2,1.5,2495,900,2.772222222222222,88,
100 S Ashland Ave Unit 211 Chicago,IL60607–Near West Side,1,1,1950,850,2.2941176470588234,75,
740 W Fulton St Chicago,IL60661–Fulton Market,2,2,3600,1400,2.5714285714285716,86,
1140 N Wells St Unit Junior Two Bedroom Suite #5.1341689 Chicago,IL60610–South Loop,2,2,14400,850,16.941176470588236,97,
611 S Wells St Unit 2701 Chicago,IL60607–South Loop,1,1,2200,100,22.0,100,
933 W Van Buren St Unit 309 Chicago,IL60607–West Loop,2,2,2799,1300,2.153076923076923,82,
365 N Halsted St Unit 3109.703914 Chicago,IL60654–West Loop,3,2,6198,1515,4.091089108910891,86,
123 S Green St Unit 402B Chicago,IL60607–West Loop,1,1,2550,900,2.8333333333333335,90,
1446 W Randolph St Unit 0401 Chicago,IL60607–West Loop,2,2,3880,,0,73,
1645 W Ogden Ave Unit 713 Chicago,IL60612–Near West Side,2,2,2800,,0,76,
1140 N Wells St Unit Deluxe One Bedroom Suite #1.1341664 Chicago,IL60610–South Loop,1,1,12000,700,17.142857142857142,97,
1722 S Desplaines St Unit 1F Chicago,IL60616–Pilsen,Studio,1,975,,0,65,
948 W Madison St Unit 5NW Chicago,IL60607–West Loop,2,2,3200,1025,3.1219512195121952,84,
842 W Adams St Unit 3 Chicago,IL60607–West Loop,2,1.5,2495,1900,1.313157894736842,88,
355 N Halsted St 355 N Halsted St,Chicago,IL60661–West Loop,2,2,2088,513,4.0701754385964914,86,
843 W Adams St 843 W Adams St,Chicago,IL60607–West Loop,2,2,3350,1000,3.35,-,
111 S Peoria St Chicago,IL60607–Fulton Market,3,4,7600,,0,88,
235 W Van Buren St 235 W Van Buren St,Chicago,IL60607–Chicago Loop,2,2,1975,817,2.4173806609547124,100,
1140 N Wells St Unit Junior Two Bedroom Suite #6.1341691 Chicago,IL60610–South Loop,2,2,14400,850,16.941176470588236,97,
6 S Laflin St Unit 612 Chicago,IL60607–Fulton Market,2,2,2700,,0,76,
16 S Aberdeen St Chicago,IL60607–West Loop,3,2,5000,2200,2.272727272727273,79,
1400 W Monroe St Unit 6E Chicago,IL60607–West Loop,3,2.5,7000,1896,3.691983122362869,75,
354 N Union Ave Unit Deluxe Two Bedroom Suite #1.1341705 Chicago,IL60661–West Loop,2,2,16500,1000,16.5,86,
6 S Laflin St 6 S Laflin St,Chicago,IL60607–West Loop,2,1,2300,700,3.2857142857142856,76,
737 W Washington Blvd Unit 3208 Chicago,IL60661–Fulton Market,2,2,4800,1722,2.7874564459930316,92,
801 W Adams St 801 W Adams St,Chicago,IL60607–West Loop,2,2,2430,683,3.5578330893118593,90,
1134 S Delano Ct Unit E616 Chicago,IL60605–South Loop,1,1,2523,,0,97,
330 S Wells St Unit FL13-ID200 Chicago,IL60606–Chicago Loop,1,1,2920,604,4.8344370860927155,100,
1327 W Washington Blvd Unit 3G Chicago,IL60607–Fulton Market,2,1.25,3500,1700,2.0588235294117645,73,
725 S Wells St 725 S Wells St,Chicago,IL60607–South Loop,1,1,1890,560,3.375,100,
330 S Wells St Unit FL14-ID220 Chicago,IL60606–Chicago Loop,1,1,2940,600,4.9,100,
1301 W Madison St Unit 318 Chicago,IL60607–West Loop,2,1,2800,,0,73,
728 S Clark St Unit 404 Chicago,IL60605–South Loop,1,1,2557,,0,100,
2 br, 2 bath Condo - 235 W Van Buren St 235 W Van Buren St,Chicago,IL60607–Chicago Loop,2,2,2400,1100,2.1818181818181817,100,
1518 W Monroe St Unit A204 Chicago,IL60607–West Loop,Studio,1,1575,357,4.411764705882353,75,
1300 W Jackson Blvd 1300 W Jackson Blvd,Chicago,IL60607–West Loop,2,2,2500,800,3.125,73,
768 W. Jackson 768 W Jackson Blvd,Chicago,IL60661–West Loop,Studio,1,1275,,0,92,
310 S Clinton St Unit 2 Chicago,IL60661–West Loop,1,1,1800,720,2.5,100,
354 N Union Ave Unit Deluxe Two Bedroom Suite #4.1341715 Chicago,IL60661–West Loop,2,2,16500,1000,16.5,86,
842 W Adams St Unit #  03 Chicago,IL60607–West Loop,2,1.5,2495,9999,0.24952495249524953,88,
235 W Van Buren St Unit 4414 Chicago,IL60607–Chicago Loop,2,2,2495,,0,100,
933 W Van Buren St Unit 816 Chicago,IL60607–West Loop,2,2,3400,1300,2.6153846153846154,83,
235 W Van Buren St Unit 2517 Chicago,IL60607–Chicago Loop,1,1,1975,,0,100,
740 W Fulton St Unit 804 Chicago,IL60661–Fulton Market,1,1,2500,800,3.125,86,
1155 Roosevelt W Rd Unit 408 Chicago,IL60608–University Village,2,2,2400,1150,2.0869565217391304,69,
2 br, 1 bath Condo - 6 South Laflin Street... 6 S Laflin St,Chicago,IL60607–Fulton Market,2,1,2375,900,2.638888888888889,75,
Alta Grand Central 221 W Harrison St,Chicago,IL60607–South Loop,3,2.5,1812,407,4.452088452088452,100,
235 W Van Buren St Unit 2122 Chicago,IL60607–Chicago Loop,2,2,2400,1100,2.1818181818181817,100,
124 W Polk St Unit 902 Chicago,IL60605–South Loop,1,1,2785,831,3.351383874849579,100,
1446 W Lexington St 1446 W Lexington St,Chicago,IL60607–Little Italy,2,1,2300,1250,1.84,71,
1140 N Wells St Unit Executive One Bedroom Suite #2.1341673 Chicago,IL60610–South Loop,1,1,12600,750,16.8,97,
943 W Washington Blvd Unit 1 Chicago,IL60607–Fulton Market,Studio,1,2082,484,4.301652892561983,84,
842 W Adams St Unit 3 Chicago,IL60607–West Loop,2,1.5,2495,1200,2.0791666666666666,88,
842 W Adams St Unit 3 Chicago,IL60607–West Loop,2,1.5,2495,1200,2.0791666666666666,88,
16 S Aberdeen St Chicago,IL60607–West Loop,3,2.5,5000,2200,2.272727272727273,79,
808 W Monroe St Unit 2d Chicago,IL60607–Chicago,1,1,2375,790,3.0063291139240507,90,
106 S Sangamon St Unit 4S Chicago,IL60607–Chicago,3,2,6000,2000,3.0,86,
939 W Washington Blvd Unit B-W409.485824 Chicago,IL60607–Fulton Market,Studio,1,2987,486,6.1460905349794235,87,
354 N Union Ave Unit Deluxe One Bedroom Suite #5.1341722 Chicago,IL60661–West Loop,1,1,12000,700,17.142857142857142,86,
420 S Clinton St Unit 118 Chicago,IL60607–West Loop,2,1.5,2850,1000,2.85,98,
1140 N Wells St Unit Executive One Bedroom Suite #6.1341677 Chicago,IL60610–South Loop,1,1,12600,750,16.8,97,
911 S Miller St Unit G Chicago,IL60607–University Village,2,2,2600,,0,74,
177 N Ada St 177 N Ada St,Chicago,IL60607–Fulton Market,2,2,2999,740,4.052702702702702,71,
125 S Green St Unit 604A Chicago,IL60607–West Loop,1,1,3000,3000,1.0,90,
Full bedroom in 5 bed/3 bath Home 1119 S Loomis St,Chicago,IL60607–Little Italy,5,3,1230,,0,68,
1000 W Adams St Unit 709 Chicago,IL60607–West Loop,2,2,3200,1436,2.2284122562674096,83,
625 W Jackson Blvd Unit 404 Chicago,IL60661–West Loop,2,2,4200,,0,97,
235 W Van Buren St 235 W Van Buren St,Chicago,IL60607–Chicago Loop,2,2,2600,1000,2.6,100,
333 N Green St Unit 2 Chicago,IL60607–Fulton Market,Studio,1,2028,513,3.953216374269006,84,
300 N Halsted St Chicago,IL60661–Fulton Market,2,2,4115,,0,84,
Avra West Loop 1125 W Van Buren St,Chicago,IL60607–West Loop,3,2,2005,470,4.26595744680851,79,
111 S Morgan St Unit 619 Chicago,IL60607–West Loop,1,1,2450,800,3.0625,86,
901 S Ashland Ave Unit 02-1115 Chicago,IL60607–University Village,1,1,1974,624,3.1634615384615383,70,
1201 W Adams St Unit 612 Chicago,IL60607–West Loop,2,2,3200,1200,2.6666666666666665,75,
1427 W Lexington St Unit 2nd Chicago,IL60607–Little Italy,3,1.5,2100,1300,1.6153846153846154,72,
948 W Madison St 948 W Madison St,Chicago,IL60607–West Loop,2,2,2421,561,4.315508021390374,84,
601 W Jackson Blvd Unit 1303.470 Chicago,IL60661–West Loop,Studio,1,2665,569,4.68365553602812,97,
1 bedroom in Chicago IL 60607 700 W Van Buren St,Chicago,IL60607–West Loop,1,1,2250,,0,94,
1335 W Taylor St Unit 4 Chicago,IL60607–Little Italy,4,2,4000,2200,1.8181818181818181,69,
808 W Van Buren St Unit FL10-ID534 Chicago,IL60607–West Loop,2,2,4710,1090,4.321100917431193,88,
901 W Madison St Unit 404 Chicago,IL60607–Fulton Market,1,1.5,2500,900,2.7777777777777777,88,
1250 W Van Buren St Unit 205 Chicago,IL60607–West Loop,2,1,2300,100,23.0,74,
333 S Desplaines St Unit 505 Chicago,IL60661–West Loop,1,1,2300,1000,2.3,97,
1116 W Polk St Unit 1RB Chicago,IL60607–University Village,1,1,1400,900,1.5555555555555556,73,
1225 W Cottage Plz Chicago,IL60607–West Loop,3,3,3950,1850,2.135135135135135,75,
111 W Polk St Unit FL10-ID688 Chicago,IL60605–South Loop,1,1,3130,752,4.162234042553192,100,
1380 W Randolph St Unit 1 Chicago,IL60607–Fulton Market,1,1,2359,550,4.289090909090909,72,
700 S Clark St 700 S Clark St,Chicago,IL60605–South Loop,2,2,2290,735,3.1156462585034013,100,
933 W Van Buren St Unit 816 Chicago,IL60607–West Loop,2,2,3400,1211,2.8075970272502064,82,
6 S Laflin St Unit 522 Chicago,IL60607–Fulton Market,1,1,2100,,0,76,
1044 W Fulton Market Chicago,IL60607–Fulton Market,3,2,4800,1600,3.0,79,
1131 W Madison St Unit 2f Chicago,IL60607–West Loop,2,2,4495,1825,2.463013698630137,79,
Full bedroom in 5 bed/3 bath Home 1119 S Loomis St,Chicago,IL60607–Little Italy,5,3,1230,,0,68,
1335 W Taylor St 1335 W Taylor St,Chicago,IL60607–Little Italy,4,2,4200,2200,1.9090909090909092,69,
804 S Loomis St Unit 1 Chicago,IL60607–Little Italy,3,1.5,2500,1000,2.5,72,
1360 W Hubbard St Unit 3W Chicago,IL60642–West Loop,3,2,5750,1680,3.4226190476190474,74,
1224 W Jackson Blvd Unit 301 Chicago,IL60607–West Loop,1,1,2547,731,3.4842681258549932,76,
JeffJack Apartments 601 W Jackson Blvd,Chicago,IL60661–West Loop,2,2,1909,475,4.018947368421053,98,
323 S Racine Ave Unit 3C Chicago,IL60607–West Loop,3,3,5800,2160,2.685185185185185,78,
14 N Aberdeen St Chicago,IL60607–West Loop,2,2,3350,1100,3.0454545454545454,81,
801 S Wells St Unit 404 Chicago,IL60607–South Loop,1,1,1950,850,2.2941176470588234,100,
Porte 855 W Madison St,Chicago,IL60607–West Loop,3,2,2561,546,4.690476190476191,88,
720 N Milwaukee Ave Unit 1505 Chicago,IL60642–University Village,3,3,3800,1152,3.298611111111111,78,
The Cooper 720 S Wells St,Chicago,IL60607–South Loop,3,3.5,2096,451,4.647450110864745,100,
1440 W Randolph St 1440 W Randolph St,Chicago,IL60607–West Loop,2,2,2399,900,2.6655555555555557,73,
1012 W Randolph Apartments 1012 W Randolph St,Chicago,IL60607–Fulton Market,1,1,3900,1435,2.7177700348432055,80,
501 S Wells St 501 S Wells St,Chicago,IL60607–Chicago Loop,2,2,1993,560,3.5589285714285714,100,
1035 W Van Buren St Unit FL12-ID755 Chicago,IL60607–West Loop,2,1,4060,1025,3.9609756097560975,85,
Parq Fulton 1400 W Randolph St,Chicago,IL60607–West Loop,3,2.5,2295,527,4.354838709677419,73,
1327 W Washington Blvd Unit 2a Chicago,IL60607–Fulton Market,2,2,4999,2000,2.4995,73,
235 W Van Buren St Unit #  02122 Chicago,IL60607–Chicago Loop,2,2,2400,9999,0.24002400240024002,100,
175 N Ada St 175 N Ada St,Chicago,IL60607–Fulton Market,2,2,1974,600,3.29,72,
16 S Aberdeen St Unit 1 Chicago,IL60607–West Loop,3,2.5,5000,2600,1.9230769230769231,79,
354 N Union Ave Unit Deluxe One Bedroom Suite #4.1341721 Chicago,IL60661–West Loop,1,1,12000,700,17.142857142857142,86,
900 W Washington Blvd 900 W Washington Blvd,Chicago,IL60607–Fulton Market,2,2,2000,482,4.149377593360996,87,
1201 W Adams St Unit 00709 Chicago,IL60607–West Loop,1,1,2300,800,2.875,75,
1140 N Wells St Unit Executive One Bedroom Suite #5.1341676 Chicago,IL60610–South Loop,1,1,12600,750,16.8,97,
843 W Adams St 843 W Adams St,Chicago,IL60607–West Loop,2,2,3350,1000,3.35,88,
701 S Wells St 701 S Wells St,Chicago,IL60607–South Loop,2,2.5,2024,559,3.6207513416815744,100,
354 N Union Ave Unit Junior Two Bedroom Suite #1.1341699 Chicago,IL60661–West Loop,2,2,14400,850,16.941176470588236,86,
Roosevelt Square Apartments 1346 W Taylor St,Chicago,IL60607–Little Italy,3,2,1064,557,1.9102333931777378,71,
38 S Peoria St 38 S Peoria St,Chicago,IL60607–West Loop,2,2,2755,725,3.8,87,
330 S Wells St Unit FL15-ID670 Chicago,IL60606–Chicago Loop,1,1,2820,583,4.8370497427101204,100,
1035 W Van Buren St Unit 2704.643 Chicago,IL60607–West Loop,1,1,2938,600,4.8966666666666665,80,
1000 W Washington Blvd Unit 313 Chicago,IL60607–Fulton Market,1,1,2750,,0,82,
901 W Madison St Unit 405 Chicago,IL60607–Fulton Market,1,1.5,2500,800,3.125,87,
701 S Wells St Unit 3106 Chicago,IL60607–South Loop,3,2.5,7500,,0,100,
912 W Lake St Unit 05-B Chicago,IL60607–Fulton Market,2,1,2305,1000,2.305,83,
913 S Miller St Unit 2 Chicago,IL60607–University Village,4,2,4200,1285,3.2684824902723735,73,
Full bedroom in 5 bed/3 bath Home 1119 S Loomis St,Chicago,IL60607–Little Italy,5,3,1280,,0,69,
1224 W Van Buren St 1224 W Van Buren St,Chicago,IL60607–West Loop,2,1.5,2600,950,2.736842105263158,74,
702 W Fulton St Unit 02 Chicago,IL60661–West Loop,2,2,3462,1016,3.40748031496063,86,
525 S Wells St Unit 3 Chicago,IL60607–South Loop,1,1,2590,794,3.261964735516373,100,
1040 W Adams St Unit 02-66 Chicago,IL60607–Fulton Market,1,1,2700,1050,2.5714285714285716,81,
464 N Ashland Ave Unit 3A Chicago,IL60622–West Town,2,1,2890,984,2.936991869918699,73,
1012 W Randolph St 1012 W Randolph St,Chicago,IL60607–Fulton Market,3,3,4545,1070,4.247663551401869,80,
Tailor Lofts 315 S Peoria St,Chicago,IL60607–West Loop,4,4,1089,359,3.033426183844011,87,
1394 W Randolph St Chicago,IL60607–Fulton Market,1,1,2661,720,3.6958333333333333,72,
1500 W Monroe St 1500 W Monroe St,Chicago,IL60607–West Loop,2,2,2450,1000,2.45,75,
1446 W Lexington St Unit 2 Chicago,IL60607–Little Italy,2,1,2100,800,2.625,71,
16 S Aberdeen St Unit 1 Chicago,IL60607–West Loop,3,2.5,5000,1500,3.3333333333333335,79,
630 S Clark St 630 S Clark St,Chicago,IL60605–South Loop,2,2,2218,735,3.017687074829932,100,
800 S Clark St 800 S Clark St,Chicago,IL60605–South Loop,2,2,1939,522,3.71455938697318,100,
235 W Van Buren St Unit 2122 Chicago,IL60607–Chicago Loop,2,2,2400,1100,2.1818181818181817,100,
877 W Madison St Unit 409S Chicago,IL60607–West Loop,1,1,2953,725,4.073103448275862,88,
111 S Peoria St Unit 602 Chicago,IL60607–West Loop,3,4,7500,2150,3.488372093023256,88,
1240 W Cottage Pl Chicago,IL60607–West Loop,3,3,4500,,0,75,
2 bedroom in CHICAGO IL 60607 500 S Clinton St,Chicago,IL60607–South Loop,2,2,2550,,0,98,
1446 W Lexington St Unit #1 Chicago,IL60607–Little Italy,2,1,2100,9999,0.21002100210021002,71,
1347 W Washington Blvd Unit 3B Chicago,IL60607–Fulton Market,2,2,2900,1300,2.230769230769231,73,
611 S Wells St 611 S Wells St,Chicago,IL60607–South Loop,2,2.5,2100,720,2.9166666666666665,100,
1000 W Washington Blvd Unit 428 Chicago,IL60607–Fulton Market,1,2,3500,1000,3.5,82,
125 S Green St Unit 501a Chicago,IL60607–West Loop,2,2,3500,1297,2.698535080956052,90,
100 S Ashland Ave Unit 211 Chicago,IL60607–Near West Side,1,1,1950,850,2.2941176470588234,75,
1645 W Ogden Ave Unit 602 Chicago,IL60612–Near West Side,2,2,2495,,0,75,
700 W Van Buren St Unit 001202 Chicago,IL60607–West Loop,1,1,2250,850,2.6470588235294117,94,
1000 W Washington Blvd 1000 W Washington Blvd,Chicago,IL60607–Fulton Market,2,2,2421,546,4.434065934065934,82,
1311 W Randolph St Unit 209 Chicago,IL60607–Fulton Market,2,2,2919,930,3.138709677419355,73,
933 W Van Buren St 933 W Van Buren St,Chicago,IL60607–West Loop,2,1,2295,400,5.7375,83,
888 W Van Buren St Chicago,IL60607–West Loop,1,1,2388,625,3.8208,86,
324 S Racine Ave Unit 3n Chicago,IL60607–Fulton Market,4,2,4195,1750,2.3971428571428572,76,
1155 W Madison St Unit 403 Chicago,IL60607–West Loop,1,1,2325,700,3.3214285714285716,77,
334 S Wells St Unit 811 Chicago,IL60606–Chicago Loop,1,1,1962,658,2.9817629179331306,100,
321 S Sangamon St Unit 408 Chicago,IL60607–Fulton Market,2,2,2900,1200,2.4166666666666665,82,
Luxe on Madison 1222 W Madison St,Chicago,IL60607–West Loop,2,2,2096,522,4.015325670498084,76,
1035 W Van Buren St Unit 1600.235976 Chicago,IL60607–West Loop,1,1,3344,816,4.098039215686274,80,
842 W Adams St Unit #3 Chicago,IL60607–West Loop,2,1.5,2495,9999,0.24952495249524953,88,
1340 W Madison St Unit 3W Chicago,IL60607–West Loop,1,1,3000,,0,73,
235 W Van Buren St Unit 3422 Chicago,IL60607–Chicago Loop,2,2,2500,,0,100,
111 S Peoria St Unit 508 Chicago,IL60607–West Loop,2,2,4500,100,45.0,88,
500 S Clinton St Unit 1011 Chicago,IL60607–South Loop,2,1.5,2375,,0,98,
175 N Ada St 175 N Ada St,Chicago,IL60607–Fulton Market,2,2,2977,790,3.768354430379747,72,
180 N Ada St Unit FL7-ID723 Chicago,IL60607–Fulton Market,1,1,3960,740,5.351351351351352,72,
440 N Halsted St Unit 3A Chicago,IL60642–West Loop,3,3.5,6000,2400,2.5,82,
1140 N Wells St Unit Level Suite #5.1341682 Chicago,IL60610–South Loop,Studio,1,10500,560,18.75,97,
215 N Aberdeen St Unit 401B Chicago,IL60607–Fulton Market,2,2,2875,,0,78,
933 W Van Buren St Unit 815 Chicago,IL60607–West Loop,2,2,3900,,0,83,
500 S Clinton St Chicago,IL60607–South Loop,2,2,2750,1300,2.1153846153846154,98,
701 S Clark St Unit 1 Chicago,IL60605–South Loop,2,2,2849,944,3.018008474576271,100,
1224 W Van Buren St 1224 W Van Buren St,Chicago,IL60607–West Loop,2,1.5,2400,900,2.6666666666666665,74,
Sage 1044 W Van Buren St,Chicago,IL60607–West Loop,2,2,1893,428,4.422897196261682,80,
Madison Throop Place 1237 W Madison,Chicago,IL60607–West Loop,3,2,2150,820,2.6219512195121952,76,
6 S Laflin St Unit 403 Chicago,IL60607–West Loop,1,1,3095,966,3.2039337474120084,75,
22 N Morgan St Unit 213 Chicago,IL60607–West Loop,1,1,3000,1600,1.875,82,
354 N Union Ave Unit Deluxe One Bedroom Suite #2.1341719 Chicago,IL60661–West Loop,1,1,12000,700,17.142857142857142,86,
842 W Adams St Unit 3 Chicago,IL60607–West Loop,2,1.5,2495,,0,88,
235 W Van Buren St Unit 2210 Chicago,IL60607–Chicago Loop,1,1,1850,810,2.2839506172839505,100,
354 N Union Ave Unit Junior Two Bedroom Suite #2.1341700 Chicago,IL60661–West Loop,2,2,14400,850,16.941176470588236,86,
1140 N Wells St Unit Executive One Bedroom Suite #3.1341674 Chicago,IL60610–South Loop,1,1,12600,750,16.8,97,
1342 W Hubbard St Unit 3R Chicago,IL60642–West Loop,2,1,1700,950,1.7894736842105263,72,
1446 W Lexington St Unit 1 Chicago,IL60607–Little Italy,2,1,2100,1000,2.1,71,
420 S Clinton St Unit 118 Chicago,IL60607–West Loop,2,1.5,2500,650,3.8461538461538463,98,
1222 W Jackson Blvd Unit 520 Chicago,IL60607–West Loop,Studio,1,1945,403,4.826302729528536,77,
1140 N Wells St Unit Deluxe One Bedroom Suite #5.1341669 Chicago,IL60610–South Loop,1,1,12000,700,17.142857142857142,97,
939 W Madison St Chicago,IL60607–West Loop,2,2,3200,1300,2.4615384615384617,85,
716 S Laflin St Unit 2F Chicago,IL60607–Little Italy,3,2,3200,,0,71,
16 S Aberdeen St Unit 1 Chicago,IL60607–West Loop,3,2.5,5000,1800,2.7777777777777777,79,
611 S Wells St Unit 2507 Chicago,IL60607–South Loop,2,2.5,4600,,0,100,
1155 W Roosevelt Rd Unit 202 Chicago,IL60608–University Village,2,2,2200,1116,1.971326164874552,69,
6 S Laflin St Unit 710 Chicago,IL60607–West Loop,2,2,3500,1100,3.1818181818181817,75,
1328 W Hubbard St Unit 1 Chicago,IL60642–West Loop,3,2.5,5250,,0,72,
737 W Washington Blvd Unit 1304 Chicago,IL60661–Fulton Market,2,2,2985,1390,2.147482014388489,92,
939 W Washington Blvd Unit FL9-ID293 Chicago,IL60607–Fulton Market,1,1,3620,625,5.792,87,
1411 W Taylor St Unit 1R Chicago,IL60607–Little Italy,4,3,3950,,0,70,
1707 S Ruble St Unit 1S Chicago,IL60616–Pilsen,3,2,3100,,0,65,
1360 W Hubbard St Unit 3w Chicago,IL60642–West Loop,3,2,4950,1680,2.9464285714285716,73,
16 S Aberdeen St Unit 1 Chicago,IL60607–West Loop,3,2.5,5000,1250,4.0,79,
1500 W Monroe St Unit 503 Chicago,IL60607–West Loop,2,2,3800,1200,3.1666666666666665,75,
213 N Racine Ave Unit 204 Chicago,IL60607–Fulton Market,2,2,3650,1200,3.0416666666666665,75,
420 S Clinton St Unit 118A Chicago,IL60607–West Loop,2,1.5,2500,,0,99,
816 W Madison St Chicago,IL60607–West Loop,3,3,6299,,0,90,
125 S Green St 125 S Green St,Chicago,IL60607–West Loop,2,2,2500,900,2.7777777777777777,90,
111 W Polk St Unit FL2-ID690 Chicago,IL60605–South Loop,1,1,3110,736,4.225543478260869,100,
170 W Polk St 170 W Polk St,Chicago,IL60605–South Loop,2,2,1874,522,3.5900383141762453,100,
125 S Green St Unit 1109A Chicago,IL60607–West Loop,1,1,2500,800,3.125,90,
111 W Polk St Unit FL4-ID689 Chicago,IL60605–South Loop,1,1,3140,752,4.175531914893617,100,
